,Channel1,Channel2,Channel3,Channel4
1,0.08,0.16,-0.08,-0.24
2,0,0.16,-0.16,-0.32
3,0.08,0.16,-0.08,-0.24
4,0,0.16,-0.16,-0.32
5,0.08,0.16,-0.08,-0.24
6,0,0.08,-0.16,-0.32
7,0.08,0.16,-0.08,-0.24
8,0,0.16,-0.16,-0.32
9,0.08,0.16,-0.08,4
10,0,0.08,-0.16,-0.32
11,0.16,0.16,-0.08,4
12,-0.08,0.08,-0.16,-1.84
13,0.08,0.16,-0.08,-0.24
14,0,0.16,-0.16,-0.32
15,0.08,0.16,-0.08,-0.24
16,0,0.16,-0.16,-0.32
17,4.32,0.16,-0.08,-0.16
18,-1.52,0.16,-0.16,-0.4
19,0.08,0.16,-0.08,-0.24
20,0,0.16,-0.16,-0.32
21,0.08,0.16,-0.08,-0.24
22,0,0.16,-0.16,-0.32
23,0.08,0.16,-0.08,-0.24
24,0,0.08,-0.16,-0.32
25,0.08,0.16,-0.08,-0.24
26,0,0.16,-0.16,-0.32
27,0.08,0.16,-0.08,-0.24
28,0,0.16,-0.16,-0.32
29,0.08,0.16,-0.08,4
30,0,0.16,-0.16,-0.32
31,0.16,0.16,-0.08,4
32,-0.08,0.16,-0.16,-1.84
33,4.32,0.16,-0.08,-0.16
34,-1.52,0.08,-0.16,-0.4
35,0.08,0.16,-0.08,-0.24
36,0,0.16,-0.16,-0.32
37,0.08,0.16,-0.08,-0.24
38,0,0.16,-0.16,-0.32
39,0.08,0.16,-0.08,-0.24
40,0,0.16,-0.16,-0.32
41,0.08,0.16,-0.08,-0.24
42,0,0.16,-0.16,-0.4
43,0.08,0.16,-0.08,-0.24
44,0,0.16,-0.16,-0.32
45,0.08,0.16,-0.08,-0.24
46,0,0.16,-0.16,-0.32
47,0.08,0.16,-0.08,-0.24
48,0,0.16,-0.16,-0.32
49,4.32,0.16,-0.08,3.92
50,-1.52,0.16,-0.16,-0.4
51,0.08,0.16,-0.08,4
52,-0.08,0.16,-0.16,-1.84
53,0.08,0.16,-0.08,-0.24
54,0,0.16,-0.16,-0.4
55,0.08,0.16,-0.08,-0.24
56,0,0.16,-0.16,-0.32
57,0.08,0.16,-0.08,-0.24
58,0,0.16,-0.16,-0.32
59,0.08,0.16,-0.08,-0.24
60,0,0.16,-0.16,-0.32
61,0.08,0.16,-0.08,-0.24
62,0,0.16,-0.16,-0.32
63,0.08,0.16,-0.08,-0.24
64,0,0.16,-0.16,-0.32
65,0.08,0.16,-0.08,-0.24
66,0,0.16,-0.16,-0.32
67,4.32,0.16,-0.08,-0.16
68,-1.52,0.16,-0.16,-0.4
69,0.08,0.16,-0.08,3.92
70,0,0.16,-0.16,-0.32
71,0.08,0.16,-0.08,4
72,-0.08,0.16,-0.16,-1.84
73,0.08,0.16,-0.08,-0.24
74,0,0.16,-0.16,-0.32
75,0.08,0.16,-0.08,-0.24
76,0,0.16,-0.16,-0.32
77,0.08,0.16,-0.08,-0.24
78,0,0.16,-0.16,-0.32
79,0.08,0.16,-0.08,-0.24
80,0,0.16,-0.16,-0.32
81,0.08,0.16,-0.08,-0.24
82,0,0.16,-0.16,-0.32
83,4.32,0.16,-0.08,-0.16
84,-1.52,0.16,-0.16,-0.4
85,0.08,0.16,-0.08,-0.24
86,0,0.16,-0.16,-0.32
87,0.08,0.16,-0.08,-0.24
88,0,0.16,-0.16,-0.32
89,0.08,0.16,-0.08,-0.24
90,0,0.16,-0.16,-0.32
91,0.16,0.16,-0.08,4
92,-0.08,0.16,-0.16,-1.84
93,0.08,0.16,-0.08,-0.24
94,0,0.16,-0.16,-0.32
95,0.08,0.16,-0.08,-0.24
96,0,0.16,-0.16,-0.32
97,0.08,0.16,-0.08,-0.24
98,0,0.08,-0.16,-0.32
99,4.24,0.16,-0.08,-0.24
100,0,0.16,-0.16,-0.32
101,4.32,0.16,-0.08,-0.16
102,-1.52,0.16,-0.16,-0.4
103,0.08,0.16,-0.08,-0.24
104,0,0.16,-0.16,-0.32
105,0.08,0.16,-0.08,-0.24
106,0,0.16,-0.16,-0.32
107,0.08,0.16,-0.08,-0.24
108,0,0.16,-0.16,-0.32
109,0.08,0.16,-0.08,-0.24
110,0,0.16,-0.16,-0.32
111,0.08,0.16,-0.08,4
112,-0.08,0.08,-0.16,-1.84
113,0.08,0.16,-0.08,-0.24
114,0,0.16,-0.16,-0.32
115,0.08,0.16,-0.08,-0.24
116,0,0.08,-0.16,-0.32
117,4.32,0.16,-0.08,-0.16
118,-1.52,0.08,-0.16,-0.4
119,0.08,0.16,-0.08,-0.24
120,0,0.16,-0.16,-0.32
121,0.08,0.16,-0.08,-0.24
122,0,0.16,-0.16,-0.32
123,0.08,0.16,-0.08,-0.24
124,0,0.08,-0.16,-0.32
125,0.08,0.16,-0.08,-0.24
126,0,0.08,-0.16,-0.32
127,0.08,0.16,-0.08,-0.24
128,0,0.08,-0.16,-0.32
129,0.08,0.16,-0.08,-0.24
130,0,0.16,-0.16,-0.32
131,0.16,0.16,-0.08,4
132,-0.08,0.08,-0.16,-1.84
133,4.32,0.16,-0.08,-0.16
134,-1.52,0.08,-0.16,-0.4
135,0.08,0.16,-0.08,-0.24
136,0,0.16,-0.16,-0.32
137,0.08,0.16,-0.08,-0.24
138,0,0.16,-0.16,-0.32
139,0.08,0.16,-0.08,-0.24
140,0,0.16,-0.16,-0.32
141,0.08,0.16,-0.08,-0.24
142,0,0.16,-0.16,-0.32
143,0.08,0.16,-0.08,-0.24
144,0,0.08,-0.16,-0.32
145,0.08,0.16,-0.08,-0.24
146,0,0.16,-0.16,-0.32
147,0.08,0.16,-0.08,-0.24
148,0,0.08,-0.16,-0.32
149,0.08,0.16,-0.08,-0.24
150,0,0.08,-0.16,-0.32
151,4.32,0.16,-0.08,4
152,-1.52,0.08,-0.16,-1.84
153,0.08,0.16,-0.08,-0.24
154,0,0.16,-0.16,-0.32
155,0.08,0.16,-0.08,-0.24
156,0,0.08,-0.16,-0.32
157,0.08,0.16,-0.08,-0.24
158,0,0.16,-0.16,-0.32
159,0.08,0.16,-0.08,-0.24
160,0,0.16,-0.16,-0.32
161,0.08,0.16,-0.08,-0.24
162,0,0.16,-0.16,-0.32
163,0.08,0.16,-0.08,-0.24
164,0,0.08,-0.16,-0.32
165,0.08,0.16,-0.08,-0.24
166,0,0.16,-0.16,-0.32
167,4.32,0.16,-0.08,-0.16
168,-1.52,0.16,-0.16,-0.4
169,0.08,0.16,-0.08,-0.24
170,0,0.16,-0.16,-0.32
171,0.08,0.16,-0.08,4
172,-0.08,0.08,-0.16,-1.84
173,0.08,0.16,-0.08,-0.24
174,0,0.16,-0.16,-0.32
175,0.08,0.16,-0.08,-0.24
176,0,0.16,-0.16,-0.32
177,0.08,0.16,-0.08,-0.24
178,0,0.16,-0.16,-0.32
179,0.08,0.16,-0.08,-0.24
180,0,0.16,-0.16,-0.32
181,0.08,0.16,-0.08,-0.24
182,0,0.16,-0.16,-0.32
183,4.32,0.16,-0.08,-0.16
184,-1.52,0.16,-0.16,-0.4
185,0.08,0.16,-0.08,-0.24
186,0,0.16,-0.16,-0.32
187,0.08,0.16,-0.08,-0.24
188,0,0.08,-0.16,-0.32
189,0.08,0.16,-0.08,-0.24
190,0,0.08,-0.16,-0.32
191,0.16,0.16,-0.08,4
192,-0.08,0.08,-0.16,-1.84
193,0.08,0.16,-0.08,-0.24
194,0,0.16,-0.16,-0.32
195,0.08,0.16,-0.08,-0.24
196,0,0.08,-0.16,-0.32
197,0.08,0.16,-0.08,-0.24
198,0,0.08,-0.16,-0.32
199,0.08,0.16,-0.08,-0.24
200,0,0.16,-0.16,-0.32
201,4.32,0.16,-0.08,-0.16
202,-1.52,0.16,-0.16,-0.4
203,0.08,0.16,-0.08,-0.24
204,0,0.16,-0.16,-0.32
205,0.08,0.16,-0.08,-0.24
206,0,0.16,-0.16,-0.32
207,0.08,0.16,-0.08,-0.24
208,0,0.16,-0.16,-0.32
209,0.08,0.16,-0.08,-0.24
210,0,0.16,-0.16,-0.32
211,0.16,0.16,-0.08,4
212,-0.08,0.08,-0.16,-1.84
213,0.08,0.16,-0.08,-0.24
214,0,0.08,-0.16,-0.32
215,0.08,0.16,-0.08,-0.24
216,0,0.16,-0.16,-0.32
217,4.32,0.16,-0.08,-0.16
218,-1.52,0.16,-0.16,-0.4
219,0.08,0.16,-0.08,-0.24
220,0,0.08,-0.16,-0.32
221,0.08,0.16,-0.08,-0.24
222,0,0.16,-0.16,-0.32
223,0.08,0.16,-0.08,-0.24
224,0,0.08,-0.16,-0.32
225,0.08,0.16,-0.08,-0.24
226,0,0.16,-0.16,-0.32
227,0.08,0.16,-0.08,-0.24
228,0,0.16,-0.16,-0.32
229,0.08,0.16,-0.08,-0.24
230,0,0.16,-0.16,-0.32
231,0.16,0.16,-0.08,4
232,-0.08,0.16,-0.16,-1.84
233,0.08,0.16,-0.08,-0.24
234,0,0.08,-0.16,-0.32
235,4.32,0.16,-0.08,-0.16
236,-1.52,0.08,-0.16,-0.4
237,0.08,0.16,-0.08,-0.24
238,0,0.16,-0.16,-0.32
239,0.08,0.16,-0.08,-0.24
240,0,0.08,-0.16,-0.32
241,0.08,0.16,-0.08,-0.24
242,0,0.08,-0.16,-0.32
243,0.08,0.16,-0.08,-0.24
244,0,0.08,-0.16,-0.32
245,0.08,0.16,-0.08,-0.24
246,0,0.08,-0.16,-0.32
247,0.08,0.16,-0.08,-0.24
248,0,0.08,-0.16,-0.32
249,0.08,0.16,-0.08,-0.24
250,0,0.08,-0.16,-0.32
251,4.32,0.16,-0.08,4
252,-1.52,0.16,-0.16,-1.84
253,0.08,0.16,-0.08,-0.24
254,0,0.16,-0.16,-0.32
255,0.08,0.16,-0.08,-0.24
256,0,0.16,-0.16,-0.32
257,0.08,0.16,-0.08,-0.24
258,0,0.16,-0.16,-0.4
259,0.08,0.16,-0.08,-0.24
260,0,0.16,-0.16,-0.32
261,0.08,0.16,-0.08,-0.24
262,0,0.16,-0.16,-0.32
263,0.08,0.16,-0.08,-0.24
264,0,0.16,-0.16,-0.32
265,0.08,0.16,-0.08,-0.24
266,0,0.16,-0.16,-0.32
267,4.32,0.16,-0.08,-0.16
268,-1.52,0.16,-0.16,-0.4
269,0.08,0.24,-0.08,-0.24
270,0,0.16,-0.16,-0.32
271,0.08,0.16,-0.08,4
272,-0.08,0.16,-0.16,-1.84
273,0.08,0.16,-0.08,-0.24
274,0,0.16,-0.16,-0.4
275,0.08,0.16,-0.08,-0.24
276,0,0.16,-0.16,-0.32
277,0.08,0.16,-0.08,-0.24
278,0,0.16,-0.16,-0.32
279,0.08,0.16,-0.08,-0.24
280,0,0.16,-0.16,-0.32
281,0.08,0.16,-0.08,-0.24
282,0,0.08,-0.16,-0.32
283,0.08,0.16,-0.08,-0.24
284,0,0.16,-0.16,-0.32
285,4.32,0.16,-0.08,-0.16
286,-1.52,0.08,-0.16,-0.4
287,0.08,0.16,-0.08,-0.24
288,0,0.16,-0.16,-0.32
289,0.08,0.16,-0.08,-0.24
290,0,0.16,-0.16,-0.32
291,0.08,0.16,-0.08,4
292,-0.08,0.08,-0.16,-1.84
293,0.08,0.16,-0.08,-0.24
294,0,0.16,-0.16,-0.32
295,0.08,0.16,-0.08,-0.24
296,0,0.16,-0.16,-0.32
297,0.08,0.16,-0.08,-0.24
298,0,0.16,-0.16,-0.32
299,0.08,0.16,-0.08,-0.24
300,0,0.16,-0.16,-0.32
301,4.32,0.16,-0.08,-0.16
302,-1.52,0.16,-0.16,-0.4
303,0.08,0.16,-0.08,-0.24
304,0,0.16,-0.16,-0.32
305,0.08,0.16,-0.08,-0.24
306,0,0.16,-0.16,-0.32
307,0.08,0.16,-0.08,-0.24
308,0,0.16,-0.16,-0.32
309,0.08,0.16,-0.08,-0.24
310,0,0.16,-0.16,-0.32
311,0.16,0.16,-0.08,4
312,-0.08,0.16,-0.16,-1.84
313,0.08,0.16,-0.08,-0.24
314,0,0.08,-0.16,-0.32
315,0.08,0.16,-0.08,-0.24
316,0,0.16,-0.16,-0.32
317,4.32,0.16,-0.08,-0.16
318,-1.52,0.16,-0.16,-0.4
319,0.08,0.16,-0.08,-0.24
320,0,0.16,-0.16,-0.32
321,0.08,0.16,-0.08,-0.24
322,0,0.08,-0.16,-0.32
323,0.08,0.16,-0.08,-0.24
324,0,0.16,-0.16,-0.32
325,0.08,0.16,-0.08,-0.24
326,0,0.16,-0.16,-0.32
327,0.08,0.16,-0.08,-0.24
328,0,0.16,-0.16,-0.32
329,0.08,0.16,-0.08,-0.24
330,0,0.16,-0.16,-0.32
331,0.16,0.16,-0.08,4
332,-0.08,0.16,-0.16,-1.84
333,0.08,0.16,-0.08,-0.24
334,0,0.16,-0.16,-0.32
335,4.32,0.16,-0.08,-0.16
336,-1.52,0.16,-0.16,-0.4
337,0.08,0.16,-0.08,-0.24
338,0,0.16,-0.16,-0.32
339,0.08,0.16,-0.08,-0.24
340,0,0.16,-0.16,-0.32
341,0.08,0.16,-0.08,-0.24
342,0,0.08,-0.16,-0.32
343,0.08,0.16,-0.08,-0.24
344,0,0.08,-0.16,-0.32
345,0.08,0.16,-0.08,-0.24
346,0,0.16,-0.16,-0.32
347,0.08,0.16,-0.08,-0.24
348,0,0.08,-0.16,-0.32
349,0.08,0.16,-0.08,-0.24
350,0,0.16,-0.16,-0.32
351,4.32,0.16,-0.08,4
352,-1.52,0.08,-0.16,-1.84
353,0.08,0.16,-0.08,-0.24
354,0,0.08,-0.16,-0.4
355,0.08,0.16,-0.08,-0.24
356,0,0.08,-0.16,-0.32
357,0.08,0.16,-0.08,-0.24
358,0,0.08,-0.16,-0.32
359,0.08,0.16,-0.08,-0.24
360,0,0.08,-0.16,-0.32
361,0.08,0.16,-0.08,-0.24
362,0,0.08,-0.16,-0.32
363,0.08,0.16,-0.08,-0.24
364,0,0.16,-0.16,-0.32
365,0.08,0.16,-0.08,-0.24
366,0,0.08,-0.16,-0.32
367,4.24,0.16,-0.08,-0.24
368,0,0.08,-0.16,-0.32
369,4.32,0.16,-0.08,-0.16
370,-1.52,0.16,-0.16,-0.4
371,0.08,0.16,-0.08,4
372,-0.08,0.16,-0.16,-1.84
373,0.08,0.16,-0.08,-0.24
374,0,0.16,-0.16,-0.4
375,0.08,0.16,-0.08,-0.24
376,0,0.16,-0.16,-0.32
377,0.08,0.16,-0.08,-0.24
378,0,0.16,-0.16,-0.32
379,0.08,0.16,-0.08,-0.24
380,0,0.16,-0.16,-0.32
381,0.08,0.16,-0.08,-0.24
382,0,0.16,-0.16,-0.32
383,0.08,0.16,-0.08,-0.24
384,0,0.16,-0.16,-0.32
385,4.32,0.16,-0.08,-0.16
386,-1.52,0.16,-0.16,-0.4
387,0.08,0.16,-0.08,-0.24
388,0,0.16,-0.16,-0.32
389,0.08,0.16,-0.08,-0.24
390,0,0.08,-0.16,-0.32
391,0.08,0.16,-0.08,4
392,-0.08,0.16,-0.16,-1.84
393,0.08,0.16,-0.08,-0.24
394,0,0.16,-0.16,-0.4
395,0.08,0.16,-0.08,-0.24
396,0,0.16,-0.16,-0.4
397,0.08,0.16,-0.08,-0.24
398,0,0.16,-0.16,-0.32
399,0.08,0.16,-0.08,-0.24
400,0,0.16,-0.16,-0.4
401,4.32,0.16,-0.08,-0.16
402,-1.52,0.16,-0.16,-0.4
403,0.08,0.16,-0.08,-0.24
404,0,0.16,-0.16,-0.32
405,0.08,0.16,-0.08,-0.24
406,0,0.16,-0.16,-0.32
407,0.08,0.16,-0.08,-0.24
408,0,0.16,-0.16,-0.32
409,0.08,0.16,-0.08,-0.24
410,0,0.16,-0.16,-0.32
411,0.08,0.16,-0.08,4
412,-0.08,0.16,-0.16,-1.84
413,0.08,0.16,-0.08,-0.24
414,0,0.16,-0.16,-0.4
415,0.08,0.16,-0.08,-0.24
416,0,0.16,-0.16,-0.4
417,0.08,0.16,-0.08,-0.24
418,0,0.16,-0.16,-0.32
419,4.32,0.16,-0.08,-0.16
420,-1.52,0.08,-0.16,-0.4
421,0.08,0.16,-0.08,-0.24
422,0,0.08,-0.16,-0.32
423,0.08,0.16,-0.08,-0.24
424,0,0.16,-0.16,-0.32
425,0.08,0.16,-0.08,-0.24
426,0,0.08,-0.16,-0.32
427,0.08,0.16,-0.08,-0.24
428,0,0.08,-0.16,-0.32
429,0.08,0.16,-0.08,-0.24
430,0,0.08,-0.16,-0.32
431,0.08,0.16,-0.08,4
432,-0.08,0.08,-0.16,-1.84
433,0.08,0.16,-0.08,-0.24
434,0,0.08,-0.16,-0.32
435,4.32,0.16,-0.08,-0.16
436,-1.52,0.08,-0.16,-0.4
437,0.08,0.16,-0.08,-0.24
438,0,0.16,-0.16,-0.32
439,0.08,0.16,-0.08,-0.24
440,0,0.16,-0.16,-0.32
441,0.08,0.16,-0.08,-0.24
442,0,0.16,-0.16,-0.32
443,0.08,0.16,-0.08,-0.24
444,0,0.16,-0.16,-0.32
445,0.08,0.16,-0.08,-0.24
446,0,0.08,-0.16,-0.32
447,0.08,0.16,-0.08,-0.24
448,0,0.16,-0.16,-0.32
449,0.08,0.16,-0.08,-0.24
450,0,0.16,-0.16,-0.32
451,4.32,0.16,-0.08,4
452,-1.52,0.08,-0.16,-1.84
453,0.08,0.16,-0.08,-0.24
454,0,0.16,-0.16,-0.32
455,0.08,0.16,-0.08,-0.24
456,0,0.16,-0.16,-0.32
457,0.08,0.16,-0.08,-0.24
458,0,0.08,-0.16,-0.4
459,0.08,0.16,-0.08,-0.24
460,0,0.16,-0.16,-0.32
461,0.08,0.16,-0.08,-0.24
462,0,0.16,-0.16,-0.32
463,0.08,0.16,-0.08,-0.24
464,0,0.08,-0.16,-0.32
465,0.08,0.16,-0.08,-0.24
466,0,0.08,-0.16,-0.32
467,0.08,0.16,-0.08,-0.24
468,0,0.16,-0.16,-0.32
469,4.32,0.16,-0.08,-0.16
470,-1.52,0.16,-0.16,-0.4
471,0.16,0.16,-0.08,4
472,-0.08,0.16,-0.16,-1.84
473,0.08,0.16,-0.08,-0.24
474,0,0.16,-0.16,-0.4
475,0.08,0.16,-0.08,-0.24
476,0,0.16,-0.16,-0.32
477,0.08,0.16,-0.08,-0.24
478,0,0.08,-0.16,-0.32
479,0.08,0.16,-0.08,-0.24
480,0,0.08,-0.16,-0.32
481,0.08,0.16,-0.08,-0.24
482,0,0.16,-0.16,-0.32
483,0.08,0.16,-0.08,-0.24
484,0,0.08,-0.16,-0.32
485,4.32,0.16,-0.08,-0.16
486,-1.52,0.16,-0.16,-0.4
487,0.08,0.16,-0.08,-0.24
488,0,0.16,-0.16,-0.32
489,0.08,0.16,-0.08,-0.24
490,0,0.16,-0.16,-0.32
491,0.08,0.16,-0.08,4
492,-0.08,0.16,-0.16,-1.84
493,0.08,0.16,-0.08,-0.24
494,0,0.16,-0.16,-0.32
495,0.08,0.16,-0.08,-0.24
496,0,0.16,-0.16,-0.32
497,0.08,0.16,-0.08,-0.24
498,0,0.16,-0.16,-0.32
499,0.08,0.16,-0.08,-0.24
500,0,0.16,-0.16,-0.32
501,4.24,0.16,-0.08,-0.24
502,0,0.16,-0.16,-0.32
503,4.32,0.16,-0.08,-0.16
504,-1.52,0.16,-0.16,-0.4
505,0.08,0.16,-0.08,-0.24
506,0,0.16,-0.16,-0.32
507,0.08,0.16,-0.08,-0.24
508,0,0.16,-0.16,-0.32
509,0.08,0.16,-0.08,-0.24
510,0,0.16,-0.16,-0.32
511,0.08,0.16,-0.08,4
512,-0.08,0.16,-0.16,-1.84
513,0.08,0.16,-0.08,-0.24
514,0,0.16,-0.16,-0.32
515,0.08,0.16,-0.08,-0.24
516,0,0.08,-0.16,-0.32
517,0.08,0.16,-0.08,-0.24
518,0,0.16,-0.16,-0.32
519,4.32,0.16,-0.08,-0.16
520,-1.52,0.16,-0.16,-0.4
521,0.08,0.16,-0.08,-0.24
522,0,0.16,-0.16,-0.32
523,0.08,0.16,-0.08,-0.24
524,0,0.16,-0.16,-0.32
525,0.08,0.16,-0.08,-0.24
526,0,0.16,-0.16,-0.32
527,0.08,0.16,-0.08,-0.24
528,0,0.16,-0.16,-0.32
529,0.08,0.16,-0.08,-0.24
530,0,0.16,-0.16,-0.32
531,0.16,0.16,-0.08,4
532,-0.08,0.16,-0.16,-1.84
533,0.08,0.16,-0.08,-0.24
534,0,0.16,-0.16,-0.32
535,4.32,0.16,-0.08,-0.16
536,-1.52,0.16,-0.16,-0.4
537,0.08,0.16,-0.08,-0.24
538,0,0.16,-0.16,-0.32
539,0.08,0.16,-0.08,-0.24
540,0,0.08,-0.16,-0.32
541,0.08,0.16,-0.08,-0.24
542,0,0.16,-0.16,-0.32
543,0.08,0.16,-0.08,-0.24
544,0,0.16,-0.16,-0.32
545,0.08,0.16,-0.08,-0.24
546,0,0.16,-0.16,-0.32
547,0.08,0.16,-0.08,-0.24
548,0,0.16,-0.16,-0.32
549,0.08,0.16,-0.08,-0.24
550,0,0.16,-0.16,-0.32
551,0.16,0.16,-0.08,4
552,-0.08,0.16,-0.16,-1.84
553,4.32,0.16,-0.08,-0.16
554,-1.52,0.16,-0.16,-0.4
555,0.08,0.16,-0.08,-0.24
556,0,0.16,-0.16,-0.32
557,0.08,0.16,-0.08,-0.24
558,0,0.16,-0.16,-0.32
559,0.08,0.16,-0.08,-0.24
560,0,0.16,-0.16,-0.32
561,0.08,0.16,-0.08,-0.24
562,0,0.16,-0.16,-0.32
563,0.08,0.16,-0.08,-0.24
564,0,0.16,-0.16,-0.32
565,0.08,0.16,-0.08,-0.24
566,0,0.16,-0.16,-0.32
567,0.08,0.16,-0.08,-0.24
568,0,0.16,-0.16,-0.32
569,4.32,0.16,-0.08,-0.16
570,-1.52,0.16,-0.16,-0.4
571,0.08,0.16,-0.08,4
572,-0.08,0.16,-0.16,-1.84
573,0.08,0.16,-0.08,-0.24
574,0,0.16,-0.16,-0.32
575,0.08,0.16,-0.08,-0.24
576,0,0.16,-0.16,-0.32
577,0.08,0.16,-0.08,-0.24
578,0,0.16,-0.16,-0.32
579,0.08,0.16,-0.08,-0.24
580,0,0.16,-0.16,-0.32
581,0.08,0.16,-0.08,-0.24
582,0,0.16,-0.16,-0.32
583,0.08,0.16,-0.08,-0.24
584,0,0.16,-0.16,-0.32
585,4.32,0.16,-0.08,-0.16
586,-1.52,0.16,-0.16,-0.4
587,0.08,0.16,-0.08,-0.24
588,0,0.16,-0.16,-0.32
589,0.08,0.16,-0.08,-0.24
590,0,0.16,-0.16,-0.32
591,0.08,0.16,-0.08,4
592,-0.08,0.16,-0.16,-1.84
593,0.08,0.16,-0.08,-0.24
594,0,0.16,-0.16,-0.4
595,0.08,0.16,-0.08,-0.24
596,0,0.16,-0.16,-0.32
597,0.08,0.16,-0.08,-0.24
598,0,0.16,-0.16,-0.32
599,0.08,0.16,-0.08,-0.24
600,0,0.16,-0.16,-0.32
601,0.08,0.16,-0.08,-0.24
602,0,0.16,-0.16,-0.32
603,4.32,0.16,-0.08,-0.16
604,-1.52,0.16,-0.16,-0.4
605,0.08,0.16,-0.08,-0.24
606,0,0.16,-0.16,-0.32
607,0.08,0.16,-0.08,-0.24
608,0,0.08,-0.16,-0.32
609,0.08,0.16,-0.08,-0.24
610,0,0.16,-0.16,-0.32
611,0.08,0.16,-0.08,4
612,-0.08,0.16,-0.16,-1.84
613,0.08,0.16,-0.08,-0.24
614,0,0.16,-0.16,-0.32
615,0.08,0.16,-0.08,-0.24
616,0,0.16,-0.16,-0.32
617,0.08,0.16,-0.08,-0.24
618,0,0.08,-0.16,-0.32
619,4.32,0.16,-0.08,-0.16
620,-1.52,0.16,-0.16,-0.4
621,0.08,0.16,-0.08,-0.24
622,0,0.08,-0.16,-0.32
623,0.08,0.16,-0.08,-0.24
624,0,0.16,-0.16,-0.32
625,0.08,0.16,-0.08,-0.24
626,0,0.16,-0.16,-0.32
627,0.08,0.16,-0.08,-0.24
628,0,0.08,-0.16,-0.32
629,0.08,0.16,-0.08,-0.24
630,0,0.16,-0.16,-0.32
631,0.08,0.16,-0.08,4
632,-0.08,0.16,-0.16,-1.84
633,0.08,0.16,-0.08,-0.24
634,0,0.16,-0.16,-0.32
635,4.24,0.16,-0.08,-0.24
636,0,0.16,-0.16,-0.32
637,4.32,0.16,-0.08,-0.16
638,-1.52,0.16,-0.16,-0.4
639,0.08,0.16,-0.08,-0.24
640,0,0.08,-0.16,-0.32
641,0.08,0.16,-0.08,-0.24
642,0,0.16,-0.16,-0.32
643,0.08,0.16,-0.08,-0.24
644,0,0.16,-0.16,-0.32
645,0.08,0.16,-0.08,-0.24
646,0,0.16,-0.16,-0.32
647,0.08,0.16,-0.08,-0.24
648,0,0.16,-0.16,-0.32
649,0.08,0.16,-0.08,-0.24
650,0,0.08,-0.16,-0.32
651,0.16,0.16,-0.08,4
652,-0.08,0.16,-0.16,-1.84
653,4.32,0.16,-0.08,-0.16
654,-1.52,0.16,-0.16,-0.4
655,0.08,0.16,-0.08,-0.24
656,0,0.08,-0.16,-0.32
657,0.08,0.16,-0.08,-0.24
658,0,0.08,-0.16,-0.32
659,0.08,0.16,-0.08,-0.24
660,0,0.16,-0.16,-0.32
661,0.08,0.16,-0.08,-0.24
662,0,0.16,-0.16,-0.32
663,0.08,0.16,-0.08,-0.24
664,0,0.16,-0.16,-0.32
665,0.08,0.16,-0.08,-0.24
666,0,0.16,-0.16,-0.32
667,0.08,0.16,-0.08,-0.24
668,0,0.16,-0.16,-0.32
669,4.32,0.16,-0.08,-0.16
670,-1.52,0.16,-0.16,-0.4
671,0.08,0.16,-0.08,4
672,-0.08,0.16,-0.16,-1.84
673,0.08,0.16,-0.08,-0.24
674,0,0.16,-0.16,-0.32
675,0.08,0.16,-0.08,-0.24
676,0,0.16,-0.16,-0.32
677,0.08,0.16,-0.08,-0.24
678,0,0.16,-0.16,-0.32
679,0.08,0.16,-0.08,-0.24
680,0,0.16,-0.16,-0.32
681,0.08,0.16,-0.08,-0.24
682,0,0.16,-0.16,-0.32
683,0.08,0.16,-0.08,-0.24
684,0,0.08,-0.16,-0.32
685,0.08,0.16,-0.08,-0.24
686,0,0.16,-0.16,-0.32
687,4.32,0.16,-0.08,-0.16
688,-1.52,0.16,-0.16,-0.4
689,0.08,0.16,-0.08,-0.24
690,0,0.16,-0.16,-0.32
691,0.08,0.16,-0.08,4
692,-0.08,0.16,-0.16,-1.84
693,0.08,0.16,-0.08,-0.24
694,0,0.16,-0.16,-0.32
695,0.08,0.16,-0.08,-0.24
696,0,0.16,-0.16,-0.32
697,0.08,0.16,-0.08,-0.24
698,0,0.08,-0.16,-0.32
699,0.08,0.16,-0.08,-0.24
700,0,0.16,-0.16,-0.32
701,0.08,0.16,-0.08,-0.24
702,0,0.08,-0.16,-0.32
703,4.32,0.16,-0.08,-0.16
704,-1.52,0.16,-0.16,-0.4
705,0.08,0.16,-0.08,-0.24
706,0,0.16,-0.16,-0.32
707,0.08,0.16,-0.08,-0.24
708,0,0.16,-0.16,-0.32
709,0.08,0.16,-0.08,-0.24
710,0,0.16,-0.16,-0.32
711,0.08,0.16,-0.08,4
712,-0.08,0.16,-0.16,-1.84
713,0.08,0.16,-0.08,-0.24
714,0,0.16,-0.16,-0.32
715,0.08,0.16,-0.08,-0.24
716,0,0.16,-0.16,-0.32
717,0.08,0.16,-0.08,-0.24
718,0,0.16,-0.16,-0.32
719,4.32,0.16,-0.08,-0.16
720,-1.52,0.16,-0.16,-0.4
721,0.08,0.16,-0.08,-0.24
722,0,0.16,-0.16,-0.32
723,0.08,0.16,-0.08,-0.24
724,0,0.16,-0.16,-0.32
725,0.08,0.16,-0.08,-0.24
726,0,0.16,-0.16,-0.32
727,0.08,0.16,-0.08,-0.24
728,0,0.16,-0.16,-0.32
729,0.08,0.16,-0.08,-0.24
730,0,0.16,-0.16,-0.32
731,0.08,0.16,-0.08,4
732,-0.08,0.16,-0.16,-1.84
733,0.08,0.16,-0.08,-0.24
734,0,0.16,-0.16,-0.4
735,0.08,0.16,-0.08,-0.24
736,0,0.16,-0.16,-0.32
737,4.32,0.16,-0.08,-0.16
738,-1.52,0.16,-0.16,-0.4
739,0.08,0.16,-0.08,-0.24
740,0,0.16,-0.16,-0.32
741,0.08,0.16,-0.08,-0.24
742,0,0.16,-0.16,-0.32
743,0.08,0.16,-0.08,-0.24
744,0,0.16,-0.16,-0.32
745,0.08,0.16,-0.08,-0.24
746,0,0.16,-0.16,-0.32
747,0.08,0.16,-0.08,-0.24
748,0,0.16,-0.16,-0.32
749,0.08,0.16,-0.08,-0.24
750,0,0.08,-0.16,-0.32
751,0.08,0.16,-0.08,4
752,-0.08,0.16,-0.16,-1.84
753,4.32,0.16,-0.08,-0.16
754,-1.52,0.16,-0.16,-0.4
755,0.08,0.16,-0.08,-0.24
756,0,0.16,-0.16,-0.32
757,0.08,0.16,-0.08,-0.24
758,0,0.16,-0.16,-0.32
759,0.08,0.16,-0.08,-0.24
760,0,0.16,-0.16,-0.32
761,0.08,0.16,-0.08,-0.24
762,0,0.16,-0.16,-0.32
763,0.08,0.16,-0.08,-0.24
764,0,0.08,-0.16,-0.32
765,0.08,0.16,-0.08,-0.24
766,0,0.08,-0.16,-0.32
767,0.08,0.16,-0.08,-0.24
768,0,0.08,-0.16,-0.32
769,0.08,0.16,-0.08,-0.24
770,0,0.08,-0.16,-0.32
771,4.32,0.16,-0.08,4
772,-1.52,0.08,-0.16,-1.84
773,0.08,0.16,-0.08,-0.24
774,0,0.08,-0.16,-0.4
775,0.08,0.16,-0.08,-0.24
776,0,0.08,-0.16,-0.4
777,0.08,0.16,-0.08,-0.24
778,0,0.08,-0.16,-0.32
779,0.08,0.16,-0.08,-0.24
780,0,0.08,-0.16,-0.32
781,0.08,0.16,-0.08,-0.24
782,0,0.08,-0.16,-0.32
783,0.08,0.16,-0.08,-0.24
784,0,0.08,-0.16,-0.32
785,0.08,0.16,-0.08,-0.24
786,0,0.08,-0.16,-0.32
787,4.32,0.16,-0.08,-0.16
788,-1.52,0.08,-0.16,-0.4
789,0.08,0.16,-0.08,-0.24
790,0,0.08,-0.16,-0.32
791,0.08,0.16,-0.08,4
792,-0.08,0.08,-0.16,-1.84
793,0.08,0.16,-0.08,-0.24
794,0,0.16,-0.16,-0.4
795,0.08,0.16,-0.08,-0.24
796,0,0.16,-0.16,-0.32
797,0.08,0.16,-0.08,-0.24
798,0,0.16,-0.16,-0.32
799,0.08,0.16,-0.08,-0.24
800,0,0.16,-0.16,-0.32
801,0.08,0.16,-0.08,-0.24
802,0,0.16,-0.16,-0.32
803,4.32,0.16,-0.08,-0.16
804,-1.52,0.08,-0.16,-0.4
805,0.08,0.16,-0.08,-0.24
806,0,0.16,-0.16,-0.32
807,0.08,0.16,-0.08,-0.24
808,0,0.16,-0.16,-0.32
809,0.08,0.16,-0.08,-0.24
810,0,0.16,-0.16,-0.32
811,0.08,0.16,-0.08,4
812,-0.08,0.16,-0.16,-1.84
813,0.08,0.16,-0.08,-0.24
814,0,0.16,-0.16,-0.32
815,0.08,0.16,-0.08,-0.24
816,0,0.16,-0.16,-0.32
817,0.08,0.16,-0.08,-0.24
818,0,0.16,-0.16,-0.32
819,0.08,0.16,-0.08,-0.24
820,0,0.16,-0.16,-0.32
821,4.32,0.16,-0.08,-0.16
822,-1.52,0.16,-0.16,-0.4
823,0.08,0.16,-0.08,-0.24
824,0,0.16,-0.16,-0.32
825,0.08,0.16,-0.08,-0.24
826,0,0.16,-0.16,-0.32
827,0.08,0.16,-0.08,-0.24
828,0,0.16,-0.16,-0.32
829,0.08,0.16,-0.08,-0.24
830,0,0.16,-0.16,-0.32
831,0.16,0.16,-0.08,4
832,-0.08,0.16,-0.16,-1.84
833,0.08,0.16,-0.08,-0.24
834,0,0.16,-0.16,-0.4
835,0.08,0.16,-0.08,-0.24
836,0,0.16,-0.16,-0.4
837,4.32,0.16,-0.08,-0.16
838,-1.52,0.16,-0.16,-0.4
839,0.08,0.16,-0.08,-0.24
840,0,0.16,-0.16,-0.32
841,0.08,0.16,-0.08,-0.24
842,0,0.16,-0.16,-0.32
843,0.08,0.16,-0.08,-0.24
844,0,0.16,-0.16,-0.32
845,0.08,0.16,-0.08,-0.24
846,0,0.16,-0.16,-0.32
847,0.08,0.16,-0.08,-0.24
848,0,0.08,-0.16,-0.32
849,0.08,0.16,-0.08,-0.24
850,0,0.16,-0.16,-0.32
851,0.16,0.16,-0.08,4
852,-0.08,0.16,-0.16,-1.84
853,4.32,0.16,-0.08,-0.16
854,-1.52,0.16,-0.16,-0.4
855,0.08,0.16,-0.08,-0.24
856,0,0.16,-0.16,-0.32
857,0.08,0.16,-0.08,-0.24
858,0,0.16,-0.16,-0.32
859,0.08,0.16,-0.08,-0.24
860,0,0.08,-0.16,-0.32
861,0.08,0.16,-0.08,-0.24
862,0,0.16,-0.16,-0.32
863,0.08,0.16,-0.08,-0.24
864,0,0.16,-0.16,-0.32
865,0.08,0.16,-0.08,-0.24
866,0,0.08,-0.16,-0.32
867,0.08,0.16,-0.08,-0.24
868,0,0.08,-0.16,-0.32
869,0.08,0.16,-0.08,-0.24
870,0,0.08,-0.16,-0.32
871,4.32,0.16,-0.08,4
872,-1.52,0.08,-0.16,-1.84
873,0.08,0.16,-0.08,-0.24
874,0,0.08,-0.16,-0.32
875,0.08,0.16,-0.08,-0.24
876,0,0.08,-0.16,-0.32
877,0.08,0.16,-0.08,-0.24
878,0,0.08,-0.16,-0.32
879,0.08,0.16,-0.08,-0.24
880,0,0.08,-0.16,-0.32
881,0.08,0.16,-0.08,-0.24
882,0,0.08,-0.16,-0.32
883,0.08,0.16,-0.08,-0.24
884,0,0.08,-0.16,-0.32
885,0.08,0.16,-0.08,-0.24
886,0,0.08,-0.16,-0.32
887,4.32,0.16,-0.08,-0.16
888,-1.52,0.08,-0.16,-0.4
889,0.08,0.16,-0.08,-0.24
890,0,0.08,-0.16,-0.32
891,0.08,0.16,-0.08,4
892,-0.08,0.08,-0.16,-1.84
893,0.08,0.16,-0.08,-0.24
894,0,0.08,-0.16,-0.32
895,0.08,0.24,-0.08,-0.24
896,0,0.16,-0.16,-0.32
897,0.08,0.16,-0.08,-0.24
898,0,0.08,-0.16,-0.32
899,0.08,0.16,-0.08,-0.24
900,0,0.16,-0.16,-0.32
901,0.08,0.16,-0.08,-0.24
902,0,0.16,-0.16,-0.32
903,4.24,0.16,-0.08,-0.24
904,0,0.08,-0.16,-0.32
905,4.32,0.16,-0.08,-0.16
906,-1.52,0.16,-0.16,-0.4
907,0.08,0.16,-0.08,-0.24
908,0,0.08,-0.16,-0.32
909,0.08,0.16,-0.08,-0.24
910,0,0.16,-0.16,-0.32
911,0.16,0.16,-0.08,4
912,-0.08,0.08,-0.16,-1.84
913,0.08,0.16,-0.08,-0.24
914,0,0.08,-0.16,-0.32
915,0.08,0.16,-0.08,-0.24
916,0,0.08,-0.16,-0.32
917,0.08,0.16,-0.08,-0.24
918,0,0.16,-0.16,-0.32
919,0.08,0.16,-0.08,-0.24
920,0,0.16,-0.16,-0.32
921,4.32,0.16,-0.08,-0.16
922,-1.52,0.16,-0.16,-0.4
923,0.08,0.16,-0.08,-0.24
924,0,0.08,-0.16,-0.32
925,0.08,0.16,-0.08,-0.24
926,0,0.16,-0.16,-0.32
927,0.08,0.16,-0.08,-0.24
928,0,0.08,-0.16,-0.32
929,0.08,0.16,-0.08,-0.24
930,0,0.16,-0.16,-0.32
931,0.08,0.16,-0.08,4
932,-0.08,0.08,-0.16,-1.84
933,0.08,0.16,-0.08,-0.24
934,0,0.08,-0.16,-0.32
935,0.08,0.16,-0.08,-0.24
936,0,0.16,-0.16,-0.32
937,4.32,0.16,-0.08,-0.16
938,-1.52,0.08,-0.16,-0.4
939,0.08,0.16,-0.08,-0.24
940,0,0.08,-0.16,-0.32
941,0.08,0.16,-0.08,-0.24
942,0,0.08,-0.16,-0.32
943,0.08,0.16,-0.08,-0.24
944,0,0.16,-0.16,-0.32
945,0.08,0.16,-0.08,-0.24
946,0,0.16,-0.16,-0.32
947,0.08,0.16,-0.08,-0.24
948,0,0.16,-0.16,-0.32
949,0.08,0.16,-0.08,-0.24
950,0,0.08,-0.16,-0.32
951,0.08,0.16,-0.08,4
952,-0.08,0.16,-0.16,-1.84
953,0.08,0.16,-0.08,-0.24
954,0,0.16,-0.16,-0.32
955,4.32,0.16,-0.08,-0.24
956,-1.52,0.08,-0.16,-0.4
957,0.08,0.16,-0.08,-0.24
958,0,0.16,-0.16,-0.32
959,0.08,0.16,-0.08,-0.24
960,0,0.08,-0.16,-0.32
961,0.08,0.16,-0.08,-0.24
962,0,0.08,-0.16,-0.32
963,0.08,0.16,-0.08,-0.24
964,0,0.16,-0.16,-0.32
965,0.08,0.16,-0.08,-0.24
966,0,0.16,-0.16,-0.32
967,0.08,0.16,-0.08,-0.24
968,0,0.08,-0.16,-0.32
969,0.08,0.16,-0.08,-0.24
970,0,0.08,-0.16,-0.32
971,4.32,0.16,-0.08,4
972,-1.52,0.08,-0.16,-1.84
973,0.08,0.16,-0.08,-0.24
974,0,0.16,-0.16,-0.32
975,0.08,0.16,-0.08,-0.24
976,0,0.16,-0.16,-0.32
977,0.08,0.16,-0.08,-0.24
978,0,0.08,-0.16,-0.32
979,0.08,0.16,-0.08,-0.24
980,0,0.08,-0.16,-0.4
981,0.08,0.16,-0.08,-0.24
982,0,0.08,-0.16,-0.32
983,0.08,0.16,-0.08,-0.24
984,0,0.08,-0.16,-0.32
985,0.08,0.16,-0.08,-0.24
986,0,0.16,-0.16,-0.32
987,4.32,0.16,-0.08,-0.16
988,-1.52,0.16,-0.16,-0.4
989,0.08,0.16,-0.08,-0.24
990,0,0.08,-0.16,-0.32
991,0.16,0.16,-0.08,4
992,-0.08,0.16,-0.16,-1.84
993,0.08,0.16,-0.08,-0.24
994,0,0.16,-0.16,-0.4
995,0.08,0.16,-0.08,-0.24
996,0,0.08,-0.16,-0.32
997,0.08,0.16,-0.08,-0.24
998,0,0.16,-0.16,-0.4
999,0.08,0.16,-0.08,-0.24
1000,0,0.16,-0.16,-0.32
